PageLink,EventName,EventType,EventTypeId,Country,City,ContinentCode,Subcontinent,StartDateTime,EndDateTime,Tags,EventCode,Comments,EventDateChangeId,EventId,FromStartDate,FromEndDate,ToStartDate,ToEndDate,ShowInCalendar,Type
,Liebherr 2019 World Table Tennis Championships,WTTC,37,Hungary,Budapest,europe,eastern europe,2019-04-21T00:00:00,2019-04-28T00:00:00,,5000,,,1987,,,,,,
,Seamaster 2019 ITTF World Tour Hungarian Open,World Tour,12,Hungary,Budapest,europe,eastern europe,2019-01-15T00:00:00,2019-01-20T00:00:00,,5001,,,1998,,,,,,
,Universal ITTF Pan American Cup,Continental,36,Puerto Rico,Guaynabo,americas,caribbean,2019-02-01T00:00:00,2019-02-03T00:00:00,,5058,,,1999,,,,,,
,CCB ITTF Europe Top 16 Cup,Continental,36,Switzerland,Montreux,europe,western europe,2019-02-02T00:00:00,2019-02-03T00:00:00,,5059,,,2000,,,,,,
,Butterfly European U21 Championships,Continental,36,Portugal,Gondomar,europe,southern europe,2019-03-07T00:00:00,2019-03-10T00:00:00,,5060,,,2001,,,,,,
,LION 32nd ITTF-ATTU Asian Cup,Continental,36,Japan,Yokohama,asia,east asia,2019-04-05T00:00:00,2019-04-07T00:00:00,,5061,,,2002,,,,,,
,African Junior & Cadet Championships  Accra,Continental,36,Ghana,Accra,africa,west africa,2019-04-07T00:00:00,2019-04-13T00:00:00,,5062,,,2003,,,,,,
,ITTF Oceania Cup,Continental,36,Tahiti,Bora Bora,oceania,polynesia,2019-05-25T00:00:00,2019-05-26T00:00:00,,5063,,,2004,,,,,,
,European Games,Continental Games,71,Belarus,Minsk,europe,eastern europe,2019-06-22T00:00:00,2019-06-29T00:00:00,,5073,,,2005,,,,,,
,ITTF Pan American Junior Championships ,Continental,36,Mexico,Mexico City,americas,central america,2019-06-24T00:00:00,2019-06-29T00:00:00,,5064,,,2006,,,,,,
,European Youth Championships,Continental,36,Czechia,Ostrava,europe,eastern europe,2019-07-07T00:00:00,2019-07-16T00:00:00,,5065,,,2007,,,,,,
,ITTF Africa Cup,Continental,36,Nigeria,Lagos,africa,west africa,2019-08-03T00:00:00,2019-08-05T00:00:00,,5066,,,2009,,,,,,
,LIEBHERR 2019 ITTF European Championships,Continental,36,France,Nantes,europe,western europe,2019-09-03T00:00:00,2019-09-08T00:00:00,,5067,,,2010,,,,,,
,All Africa Games,Continental Games,71,Morocco,Rabat,africa,north africa,2019-08-20T00:00:00,2019-08-30T00:00:00,,5075,,,2012,,,,,,
,Uncle Pop Women's World Cup,World Cup,29,China,Chengdu,asia,east asia,2019-10-18T00:00:00,2019-10-20T00:00:00,,5070,,,2014,,,,,,
,Chengdu Airlines 2019 ITTF Men’s World Cup,World Cup,29,China,Chengdu,asia,east asia,2019-11-29T00:00:00,2019-12-01T00:00:00,,5071,,,2015,,,,,,
,ZEN-NOH 2019 ITTF Team World Cup,World Cup,29,Japan,Tokyo,asia,east asia,2019-11-06T00:00:00,2019-11-10T00:00:00,,5072,,,2016,,,,,,
,NSDF World Junior Table Tennis Championships,WJTTC,40,Thailand,Korat,asia,south east asia,2019-11-24T00:00:00,2019-12-01T00:00:00,,5057,,,2017,,,,,,
,Seamaster 2019 ITTF World Tour Platinum Qatar Open,World Tour,12,Qatar,Doha,asia,west asia,2019-03-26T00:00:00,2019-03-31T00:00:00,,5002,,,2018,,,,,,
,Seamaster 2019 ITTF World Tour Platinum China Open,World Tour,12,China,Shenzhen,asia,east asia,2019-05-28T00:00:00,2019-06-02T00:00:00,,5003,,,2019,,,,,,
,Seamaster 2019 ITTF World Tour Hang Seng Hong Kong Open,World Tour,12,"Hong Kong, China",Hong Kong,asia,east asia,2019-06-04T00:00:00,2019-06-09T00:00:00,,5004,,,2020,,,,,,
,Seamaster 2019 ITTF World Tour Platinum LION Japan Open,World Tour,12,Japan,Sapporo,asia,east asia,2019-06-12T00:00:00,2019-06-16T00:00:00,,5005,,,2021,,,,,,
,Seamaster 2019 ITTF World Tour SHINHAN Korea Open,World Tour,12,Korea Republic,Busan,asia,east asia,2019-07-02T00:00:00,2019-07-07T00:00:00,,5006,,,2022,,,,,,
,Seamaster 2019 ITTF World Tour Platinum Australian Open,World Tour,12,Australia,Geelong,oceania,australasia,2019-07-09T00:00:00,2019-07-14T00:00:00,,5007,,,2023,,,,,,
,ITTF World Tour ASAREL Bulgaria Open,World Tour,12,Bulgaria,Panagyurishte,europe,eastern europe,2019-08-13T00:00:00,2019-08-18T00:00:00,,5008,,,2024,,,,,,
,ITTF World Tour Czech Open,World Tour,12,Czechia,Olomouc,europe,eastern europe,2019-08-20T00:00:00,2019-08-25T00:00:00,,5009,,,2025,,,,,,
,ITTF World Tour Swedish Open,World Tour,12,Sweden,Stockholm,europe,northern europe,2019-10-01T00:00:00,2019-10-06T00:00:00,,5010,,,2026,,,,,,
,ITTF World Tour Platinum German Open,World Tour,12,Germany,Bremen,europe,western europe,2019-10-08T00:00:00,2019-10-13T00:00:00,,5011,,,2027,,,,,,
,2019 ITTF World Tour Platinum bet-at-home.com Austrian Open,World Tour,12,Austria,Linz,europe,western europe,2019-11-12T00:00:00,2019-11-17T00:00:00,,5012,,,2028,,,,,,
,Agricultural Bank of China ITTF World Tour Grand Finals  Zhengzhou,World Tour,12,China,Zhengzhou,asia,east asia,2019-12-12T00:00:00,2019-12-15T00:00:00,,5013,,,2029,,,,,,
,Seamaster 2019 ITTF Challenge Plus Portugal Open,Challenge,10,Portugal,Lisboa,europe,southern europe,2019-02-13T00:00:00,2019-02-17T00:00:00,,5014,,,2030,,,,,,
,Seamaster 2019 ITTF Challenge Plus Oman Open,Challenge,10,Oman,Muscat,asia,west asia,2019-03-20T00:00:00,2019-03-24T00:00:00,,5015,,,2031,,,,,,
,Seamaster 2019 ITTF Challenge Spanish Open,Challenge,10,Spain,Guadalajara,europe,southern europe,2019-03-20T00:00:00,2019-03-24T00:00:00,,5016,,,2032,,,,,,
,Seamaster 2019 ITTF Challenge Serbia Open,Challenge,10,Serbia,Belgrade,europe,southern europe,2019-05-01T00:00:00,2019-05-05T00:00:00,,5017,,,2033,,,,,,
,Seamaster 2019 ITTF Challenge Slovenia Open,Challenge,10,Slovenia,Otocec,europe,southern europe,2019-05-08T00:00:00,2019-05-12T00:00:00,,5018,,,2034,,,,,,
,Seamaster 2019 ITTF Challenge Croatia Open,Challenge,10,Croatia,Zagreb,europe,southern europe,2019-05-14T00:00:00,2019-05-18T00:00:00,,5019,,,2035,,,,,,
,ITTF Challenge Thailand Open,Challenge,10,Thailand,Bangkok,asia,south east asia,2019-05-22T00:00:00,2019-05-26T00:00:00,,5020,,,2036,,,,,,
,Seamaster 2019 ITTF Challenge Plus Pyongyang Open,Challenge,10,Korea DPR,Pyongyang,asia,east asia,2019-07-24T00:00:00,2019-07-28T00:00:00,,5021,,,2037,,,,,,
,ITTF Challenge Plus Nigeria Open,Challenge,10,Nigeria,Lagos,africa,west africa,2019-08-07T00:00:00,2019-08-11T00:00:00,,5022,,,2038,,,,,,
,ITTF Challenge Plus Paraguay Open,Challenge,10,Paraguay,Asuncion,americas,south america,2019-09-10T00:00:00,2019-09-14T00:00:00,,5023,,,2039,,,,,,
,ITTF Challenge Polish Open,Challenge,10,Poland,Wladyslawowo,europe,eastern europe,2019-10-16T00:00:00,2019-10-20T00:00:00,,5025,,,2041,,,,,,
,2019 ITTF Challenge Belgosstrakh Belarus Open,Challenge,10,Belarus,Minsk,europe,eastern europe,2019-10-30T00:00:00,2019-11-03T00:00:00,,5026,,,2042,,,,,,
,ITTF Challenge Indonesia Open,Challenge,10,Indonesia,Jogjakarta,asia,south east asia,2019-11-13T00:00:00,2019-11-17T00:00:00,,5028,,,2044,,,,,,
,2019 ITTF Challenge Plus Benemax-Virgo North American Open,Challenge,10,Canada,Markham,americas,northern america,2019-12-04T00:00:00,2019-12-08T00:00:00,,5030,,,2046,,,,,,
,ITTF Junior Circuit Premium Bahrain Junior & Cadet Open,World Junior Circuit,15,Bahrain,Manama,asia,west asia,2019-02-07T00:00:00,2019-02-11T00:00:00,,5031,,,2047,,,,,,
,ITTF Junior Circuit Premium Czech Junior and Cadet Open,World Junior Circuit,15,Czechia,Hodonin,europe,eastern europe,2019-02-13T00:00:00,2019-02-17T00:00:00,,5032,,,2048,,,,,,
,ITTF Junior Circuit Swedish Junior and Cadet Open,World Junior Circuit,15,Sweden,Orebro,europe,northern europe,2019-02-20T00:00:00,2019-02-24T00:00:00,,5033,,,2049,,,,,,
,ITTF Junior Circuit Chile Junior and Cadet Open,World Junior Circuit,15,Chile,Santiago,americas,south america,2019-03-20T00:00:00,2019-03-24T00:00:00,,5034,,,2050,,,,,,
,ITTF Junior Circuit Premium Italian Junior and Cadet Open,World Junior Circuit,15,Italy,Lignano,europe,southern europe,2019-03-20T00:00:00,2019-03-24T00:00:00,,5035,,,2051,,,,,,
,ITTF Junior Circuit Ghana Junior & Cadet Open,World Junior Circuit,15,Ghana,Accra,africa,west africa,2019-04-01T00:00:00,2019-04-05T00:00:00,,5036,,,2052,,,,,,
,ITTF Junior Circuit Premium French Junior and Cadet Open  Metz,World Junior Circuit,15,France,Metz,europe,western europe,2019-04-10T00:00:00,2019-04-14T00:00:00,,5037,,,2053,,,,,,
,ITTF Junior Circuit Premium Belgium Junior and Cadet Open,World Junior Circuit,15,Belgium,Spa,europe,western europe,2019-04-15T00:00:00,2019-04-19T00:00:00,,5038,,,2054,,,,,,
,ITTF Junior Circuit Australian Junior and Cadet Open,World Junior Circuit,15,Australia,Darwin,oceania,australasia,2019-04-28T00:00:00,2019-05-01T00:00:00,,5039,,,2055,,,,,,
,ITTF Junior Circuit Spanish Junior and Cadet Open,World Junior Circuit,15,Spain,Plata D'Aro,europe,southern europe,2019-05-01T00:00:00,2019-05-05T00:00:00,,5040,,,2056,,,,,,
,ITTF Junior Circuit Golden Thailand Junior and Cadet Open,World Junior Circuit,15,Thailand,Bangkok,asia,south east asia,2019-05-15T00:00:00,2019-05-19T00:00:00,,5041,,,2057,,,,,,
,ITTF Junior Circuit Premium Polish Junior and Cadet Open,World Junior Circuit,15,Poland,Wladyslawowo,europe,eastern europe,2019-05-22T00:00:00,2019-05-26T00:00:00,,5042,,,2058,,,,,,
,ITTF Junior Circuit Golden China Junior and Cadet Open,World Junior Circuit,15,China,Taicang,asia,east asia,2019-06-12T00:00:00,2019-06-16T00:00:00,,5043,,,2059,,,,,,
,ITTF Junior Circuit Morocco Junior and Cadet Open,World Junior Circuit,15,Morocco,Meknes,africa,north africa,2019-06-12T00:00:00,2019-06-16T00:00:00,,5044,,,2060,,,,,,
,ITTF Junior Circuit Golden Hang Seng Hong Kong Junior & Cadet Open,World Junior Circuit,15,"Hong Kong, China",Hong Kong,asia,east asia,2019-08-07T00:00:00,2019-08-11T00:00:00,,5045,,,2061,,,,,,
,ITTF Junior Circuit Golden Croatia Junior and Cadet Open,World Junior Circuit,15,Croatia,Varaždin,europe,southern europe,2019-09-18T00:00:00,2019-09-22T00:00:00,,5047,,,2063,,,,,,
,ITTF Junior Circuit Serbia Junior and Cadet Open,World Junior Circuit,15,Serbia,Belgrade,europe,southern europe,2019-09-24T00:00:00,2019-09-28T00:00:00,,5048,,,2064,,,,,,
,ITTF Junior Circuit Premium Chinese Taipei Junior and Cadet Open,World Junior Circuit,15,Chinese Taipei,Taipei,asia,east asia,2019-09-25T00:00:00,2019-09-29T00:00:00,,5049,,,2065,,,,,,
,ITTF Junior Circuit Slovenia Junior and Cadet Open,World Junior Circuit,15,Slovenia,Otocec,europe,southern europe,2019-10-02T00:00:00,2019-10-06T00:00:00,,5050,,,2066,,,,,,
,ITTF Junior Circuit North Macedonia Junior and Cadet Open,World Junior Circuit,15,North Macedonia,Skopje,europe,southern europe,2019-10-08T00:00:00,2019-10-12T00:00:00,,5051,,,2067,,,,,,
,ITTF Junior Circuit Egypt Junior and Cadet Open ,World Junior Circuit,15,Egypt,Sharm El Sheik,africa,north africa,2019-10-16T00:00:00,2019-10-20T00:00:00,,5052,,,2068,,,,,,
,ITTF Junior Circuit Premium Oman Junior and Cadet Open,World Junior Circuit,15,Oman,Muscat,asia,west asia,2019-10-24T00:00:00,2019-10-28T00:00:00,,5053,,,2069,,,,,,
,ITTF Junior Circuit Slovak Junior & Cadet Open,World Junior Circuit,15,Slovak Republic,Bratislava,europe,eastern europe,2019-10-30T00:00:00,2019-11-03T00:00:00,,5054,,,2070,,,,,,
,ITTF Junior Circuit Premium Hungarian Junior & Cadet Open,World Junior Circuit,15,Hungary,Szombathely,europe,eastern europe,2019-11-06T00:00:00,2019-11-10T00:00:00,,5055,,,2071,,,,,,
,Opatija Milenij Open,Other Events and Multi Sport Games,39,Croatia,Opatija,europe,southern europe,2019-04-26T00:00:00,2019-04-28T00:00:00,,5099,,,2074,,,,,,
,Lithuanian Cadet and Mini Cadet Open,Other Events and Multi Sport Games,39,Lithuania,Vilnius,europe,northern europe,2019-06-14T00:00:00,2019-06-16T00:00:00,,5100,,,2075,,,,,,
,XVIII Games of the Small States of Europe,Multi-Sport Games,77,Montenegro,Budva,europe,southern europe,2019-05-27T00:00:00,2019-06-01T00:00:00,,5108,,,2076,,,,,,
,ITTF Oceania Junior Championships,Continental,36,Tonga,Nukualofa,oceania,polynesia,2019-08-07T00:00:00,2019-08-10T00:00:00,,5134,,,2077,,,,,,
,Northern European Youth Championships,Other Events and Multi Sport Games,39,Estonia,Haapsalu,europe,northern europe,2019-06-26T00:00:00,2019-06-28T00:00:00,,5135,,,2078,,,,,,
,30th Summer Universiade,Multi sport events,41,Italy,Napoli,europe,southern europe,2019-07-03T00:00:00,2019-07-14T00:00:00,,5136,,,2079,,,,,,
,Commonwealth Table Tennis Championships,Other Events and Multi Sport Games,39,India,Cuttack,asia,south asia,2019-07-17T00:00:00,2019-07-22T00:00:00,,5137,,,2080,,,,,,
,T2 Diamond,T2 Diamond,42,Malaysia,John Bahru,asia,south east asia,2019-07-18T00:00:00,2019-07-21T00:00:00,,5133,,,2081,,,,,,
,Asian Junior & Cadet Championships,Continental,36,Mongolia,Ulaanbaatar,asia,east asia,2019-09-02T00:00:00,2019-09-07T00:00:00,,5138,,,2082,,,,,,
,ITTF World Cadet Challenge,World Cadet Challenge,5,Poland,Wladyslawowo,europe,eastern europe,2019-10-23T00:00:00,2019-10-31T00:00:00,,5140,,,2083,,,,,,
,ITTF-ATTU Asian Table Tennis Championships,Continental,36,Indonesia,Yogyakarta,asia,south east asia,2019-09-15T00:00:00,2019-09-22T00:00:00,,5223,,,2092,,,,,,
,ITTF Pan American Championships,Continental,36,Paraguay,Asuncion,americas,south america,2019-09-03T00:00:00,2019-09-08T00:00:00,,5222,,,2093,,,,,,
,Europe Youth Top 10,Continental,36,Netherlands,Noordwijk,europe,western europe,2019-10-04T00:00:00,2019-10-06T00:00:00,,5227,,,2094,,,,,,
,T2 Diamond,T2 Diamond,42,Singapore,Singapore,asia,south east asia,2019-11-21T00:00:00,2019-11-24T00:00:00,,5224,,,2172,,,,,,
,Pacific Games,Multi sport events,41,Samoa,Apla,oceania,polynesia,2019-07-08T00:00:00,2019-07-13T00:00:00,,5232,,,2173,,,,,,
,South Asian Games  Kathmandu,Multi sport events,41,Nepal,Kathmandu,asia,south asia,2019-12-01T00:00:00,2019-12-10T00:00:00,,5258,,,2187,,,,,,
,Latin American Team Qualification,Olympic Qualification,47,Peru,Lima,americas,south america,2019-10-25T00:00:00,2019-10-27T00:00:00,,5157,,,2196,,,,,,
,ITTF Oceania Olympic Team Qualification  Victoria,Olympic Games,38,Australia,Victoria,oceania,australasia,2019-12-06T00:00:00,2019-12-06T00:00:00,,5225,,,2197,,,,,,
,North American Team Qualification,Olympic Qualification,47,USA,Rockford,americas,northern america,2019-10-05T00:00:00,2019-10-05T00:00:00,,5226,,,2198,,,,,,
,ITTF Para Fa20 Netherlands Open,Para Open,54,Netherlands,Stasdskanaal,europe,western europe,2019-11-01T00:00:00,2019-11-03T00:00:00,,,,,2279,,,,,,
,ITTF World Veterans Tour – Doha,World Veterans,44,Qatar,Doha,asia,west asia,2019-11-07T00:00:00,2019-11-10T00:00:00,,,,,2280,,,,,,
,ITTF Para Copa Tango Junior,Para Open,54,Argentina,Buenos Aires,americas,south america,2019-11-20T00:00:00,2019-11-21T00:00:00,,,,,2282,,,,,,
,ITTF Para Fa20 XVII Copa Tango,Para Open,54,Argentina,Buenos Aires,americas,south america,2019-11-22T00:00:00,2019-11-24T00:00:00,,,,,2283,,,,,,
,Tabletennis11 Estonian Open,Other Events and Multi Sport Games,39,Estonia,Tallin,europe,northern europe,2019-11-28T00:00:00,2019-12-01T00:00:00,,,,,2284,,,,,,
,30th Southeast Asian Games,Other Events and Multi Sport Games,39,Philippines,Olongapo,asia,south east asia,2019-11-30T00:00:00,2019-12-11T00:00:00,,,,,2285,,,,,,
,Finlandia Open 2019,Other Events and Multi Sport Games,39,Finland,Lohja,europe,northern europe,2019-12-05T00:00:00,2019-12-08T00:00:00,,,,,2286,,,,,,
,"ITTF Para Fa20 Copa Costa Rica, San José",Para Open,54,Costa Rica,San José,americas,central america,2019-12-12T00:00:00,2019-12-14T00:00:00,,,,,2287,,,,,,
,"ITTF World Veterans Tour – Cardiff, Cardiff",World Veterans,44,Wales,Cardiff,europe,northern europe,2019-12-13T00:00:00,2019-12-16T00:00:00,,,,,2288,,,,,,
,"US Open Table Tennis Championships, Fort Worth, Texas",Other Events and Multi Sport Games,39,USA,Texas,americas,northern america,2019-12-17T00:00:00,2019-12-21T00:00:00,,,,,2289,,,,,,
,2019 Asian Junior & Cadet Championships Qualification (West Asia),Continental,36,Jordan,Amman,asia,west asia,2019-03-15T00:00:00,2019-03-17T00:00:00,,,,,2309,,,,,,
,Asian Junior & Cadet Championships Qualification (Middle Asia),Junior & Cadet Championships,13,Iran,Tehran,asia,middle asia,2019-04-11T00:00:00,2019-04-13T00:00:00,,,,,2310,,,,,,
,Asian Junior & Cadet Championships Qualification (South East Asia),Continental,36,Thailand,Bangkok,asia,south east asia,2019-05-08T00:00:00,2019-05-12T00:00:00,,,,,2311,,,,,,
,2019 International Youth Tournament in memory of Dynamo coach A.Shkala,Other Events and Multi Sport Games,39,Belarus,Minsk,europe,eastern europe,2019-05-10T00:00:00,2019-05-12T00:00:00,,,,,2312,,,,,,
,Asian Junior & Cadet Championships Qualification (East Asia),Continental,36,Korea DPR,Pyongyang,asia,east asia,2019-05-18T00:00:00,2019-05-19T00:00:00,,,,,2313,,,,,,
,Balkan Youth Table Tennis Championships,Other Events and Multi Sport Games,39,North Macedonia,Skopje,europe,southern europe,2019-06-12T00:00:00,2019-06-16T00:00:00,,,,,2314,,,,,,
,Balkan Senior Table Tennis Championships,Other Events and Multi Sport Games,39,Montenegro,Podgorica,europe,southern europe,2019-07-31T00:00:00,2019-08-04T00:00:00,,,,,2315,,,,,,
,Pan Am Games,Continental Games,71,Peru,Lima,americas,south america,2019-08-04T00:00:00,2019-08-10T00:00:00,,,,,2316,,,,,,
,41st Flanders International Table Tennis Tournaments 2019,Other Events and Multi Sport Games,39,Belgium,Oostende,europe,western europe,2019-08-16T00:00:00,2019-08-20T00:00:00,,,,,2317,,,,,,
,21st Flanders ITT Ostend Masters 2019,Other Events and Multi Sport Games,39,Belgium,Oostende,europe,western europe,2019-08-17T00:00:00,2019-08-17T00:00:00,,,,,2318,,,,,,
,21st Flanders Youth Cup & 17th Senior Cup 2019,Other Events and Multi Sport Games,39,Belgium,Oostende,europe,western europe,2019-08-19T00:00:00,2019-08-20T00:00:00,,,,,2319,,,,,,
