PageLink,EventName,EventType,EventTypeId,Country,City,ContinentCode,Subcontinent,StartDateTime,EndDateTime,Tags,EventCode,Comments,EventDateChangeId,EventId,FromStartDate,FromEndDate,ToStartDate,ToEndDate,ShowInCalendar,Type,Event_Tier_Name
,ITTF-ATTU Asian Cup,Continental,36,China,Hainan,asia,east asia,2020-02-28T00:00:00,2020-03-01T00:00:00,,5175,,3.0,2099,2020-02-28T00:00:00,2020-03-01T00:00:00,,,True,Postponed,
,Asian Olympic Qualification Tournament,Olympic Games,38,Thailand,Bangkok,asia,south east asia,2020-04-06T00:00:00,2020-04-12T00:00:00,,5178,Postponed to 2021,7.0,2102,2020-04-06T00:00:00,2020-04-12T00:00:00,,,True,Postponed,
,ITTF World Singles Qualification Event,Olympic Games,38,Qatar,Doha,asia,west asia,2020-05-28T00:00:00,2020-05-31T00:00:00,,5179,Postponed to 2021,21.0,2103,2020-05-28T00:00:00,2020-05-31T00:00:00,,,True,Postponed,
,Pan American Junior Championships,Continental,36,Argentina,Rosario,americas,south america,2020-06-22T00:00:00,2020-06-27T00:00:00,,5180,Postponed to 2021,26.0,2104,2020-06-22T00:00:00,2020-06-27T00:00:00,,,True,Postponed,
,European Youth Championships,Continental,36,Croatia,Zagreb,europe,southern europe,2020-07-10T00:00:00,2020-07-19T00:00:00,,5181,,,2105,,,,,,,
,LIEBHERR European Individual Championships,Continental,36,Poland,Warsaw,europe,eastern europe,2020-09-15T00:00:00,2020-09-20T00:00:00,,5182,,32.0,2106,2020-09-15T00:00:00,2020-09-20T00:00:00,,,True,Postponed,
,Asian Junior & Cadet Table Tennis Championships,Continental,36,Laos,Vientiane,asia,south east asia,2020-08-25T00:00:00,2020-08-30T00:00:00,,5183,,29.0,2107,2020-08-25T00:00:00,2020-08-30T00:00:00,,,True,Postponed,
,ITTF Challenge Slovenia Open,Challenge,10,Slovenia,Otocec,europe,southern europe,2020-04-22T00:00:00,2020-04-26T00:00:00,,5163,,14.0,2118,2020-04-22T00:00:00,2020-04-26T00:00:00,,,True,Postponed,
,ITTF Challenge Croatia Open,Challenge,10,Croatia,Zagreb,europe,southern europe,2020-04-28T00:00:00,2020-05-02T00:00:00,,5164,,16.0,2119,2020-04-28T00:00:00,2020-05-02T00:00:00,,,True,Postponed,
,ITTF Challenge Thailand Open,Challenge,10,Thailand,Bangkok,asia,south east asia,2020-04-29T00:00:00,2020-05-03T00:00:00,,5165,,17.0,2120,2020-04-29T00:00:00,2020-05-03T00:00:00,,,True,Postponed,
,ITTF Challenge Plus Belarus Open,Challenge,10,Belarus,Minsk,europe,eastern europe,2020-06-03T00:00:00,2020-06-07T00:00:00,,5166,,23.0,2121,2020-06-03T00:00:00,2020-06-07T00:00:00,,,True,Postponed,
,ITTF World Tour Platinum China Open,World Tour,12,China,Shenzhen,asia,east asia,2020-05-12T00:00:00,2020-05-17T00:00:00,,5149,,19.0,2131,2020-05-12T00:00:00,2020-05-17T00:00:00,,,True,Postponed,
,ITTF Junior Circuit Premium Czech Junior and Cadet Open,World Junior Circuit,15,Czechia,Hodonin,europe,eastern europe,2020-02-12T00:00:00,2020-02-16T00:00:00,,5189,,,2139,,,,,,,
,ITTF Junior Circuit Golden Hong Kong Junior and Cadet Open,World Junior Circuit,15,"Hong Kong, China",Hong Kong,asia,east asia,2020-07-08T00:00:00,2020-07-12T00:00:00,,5205,,176.0,2155,2020-07-08T00:00:00,2020-07-12T00:00:00,,,True,Cancelled,
,ITTF Junior Circuit Indonesia Junior and Cadet Open,World Junior Circuit,15,Indonesia,Jakarta,asia,south east asia,2020-09-09T00:00:00,2020-09-12T00:00:00,,5211,,,2161,,,,,,,
,Caribbean Junior and Cadet Championships,Other Events and Multi Sport Games,39,Dominican Republic,Santo Domingo,americas,caribbean,2020-04-25T00:00:00,2020-04-30T00:00:00,,5257,Postponed to 2021,15.0,2177,2020-04-25T00:00:00,2020-04-30T00:00:00,,,True,Postponed,
,Caribbean Senior Championships,Other Events and Multi Sport Games,39,Cuba,Havana,americas,caribbean,2020-04-03T00:00:00,2020-04-08T00:00:00,,5238,Postponed to 2021,6.0,2178,2020-04-03T00:00:00,2020-04-08T00:00:00,,,True,Postponed,
,South American Championships,Continental,36,Colombia,Cucuta,americas,south america,2020-05-06T00:00:00,2020-05-10T00:00:00,,5240,Postponed to 2021,18.0,2179,2020-05-06T00:00:00,2020-05-10T00:00:00,,,True,Postponed,
,ITTF-Africa Senior Championships,Continental,36,Cameroon,Yaounde,africa,central africa,2020-10-01T00:00:00,2020-10-07T00:00:00,,5244,Postponed to 2021,34.0,2180,2020-10-01T00:00:00,2020-10-07T00:00:00,,,True,Postponed,
,2020 ITTF Oceania Cup,Continental,36,Papua New Guinea,Port Moresby,oceania,melanesia,2020-05-30T00:00:00,2020-05-31T00:00:00,,5231,,22.0,2181,2020-05-30T00:00:00,2020-05-31T00:00:00,,,True,Postponed,
,ITTF Oceania Championships,Continental,36,Australia,Brisbane Queensland,oceania,australasia,2020-04-21T00:00:00,2020-04-25T00:00:00,,5228,,13.0,2182,2020-04-21T00:00:00,2020-04-25T00:00:00,,,True,Postponed,
,ITTF Oceania Junior Championships,Continental,36,Australia,Brisbane Queensland,oceania,australasia,2020-04-20T00:00:00,2020-04-25T00:00:00,,5229,,12.0,2183,2020-04-20T00:00:00,2020-04-25T00:00:00,,,True,Postponed,
,Pan American Championships,Pan American Championships,48,TBD,,oceania,australasia,2020-09-15T00:00:00,2020-09-20T00:00:00,,5243,Postponed to 2021,33.0,2184,2020-09-15T00:00:00,2020-09-20T00:00:00,,,True,Postponed,
,Central American Championships,Other Events and Multi Sport Games,39,Costa Rica,San Jose,americas,central america,2020-05-12T00:00:00,2020-05-16T00:00:00,,5241,Postponed to 2021,20.0,2185,2020-05-12T00:00:00,2020-05-16T00:00:00,,,True,Postponed,
,South American Junior & Cadet Championships,Other Events and Multi Sport Games,39,Peru,Lima,americas,south america,2020-03-04T00:00:00,2020-03-08T00:00:00,,5256,,,2186,,,,,,,
,African Junior & Cadet Championships,Continental,36,Madagascar,Antananarivo,africa,east africa,2020-04-07T00:00:00,2020-04-13T00:00:00,,5239,Postponed to 2021,8.0,2188,2020-04-07T00:00:00,2020-04-13T00:00:00,,,True,Postponed,
,ITTF Oceania Singles/Mixed Doubles Qualification,Olympic Games,38,Australia,Brisbane Queensland,oceania,australasia,2020-04-19T00:00:00,2020-04-20T00:00:00,,5230,Postponed to 2021,11.0,2199,2020-04-19T00:00:00,2020-04-20T00:00:00,,,True,Postponed,
,European Olympic Singles Qualification Tournament,Olympic Games,38,Russia,Moscow,europe,eastern europe,2020-04-08T00:00:00,2020-04-12T00:00:00,,5245,Postponed to 2021,9.0,2201,2020-04-08T00:00:00,2020-04-12T00:00:00,,,True,Postponed,
,Latin American Singles and Mixed Qualification Tournament,Olympic Games,38,Argentina,Rosario,americas,south america,2020-04-15T00:00:00,2020-04-19T00:00:00,,5246,Postponed to 2021,10.0,2202,2020-04-15T00:00:00,2020-04-19T00:00:00,,,True,Postponed,
,South East Asian Qualification Tournament for AJCTTC,Other Events and Multi Sport Games,39,Indonesia,Solo,asia,south east asia,2020-06-09T00:00:00,2020-06-14T00:00:00,,5260,,24.0,2204,2020-06-09T00:00:00,2020-06-14T00:00:00,,,True,Postponed,
,South Asia Qualification Tournament for AJCTTC,Other Events and Multi Sport Games,39,Bangladesh,TBD,asia,south asia,2020-06-15T00:00:00,2020-06-20T00:00:00,,5261,,25.0,2205,2020-06-15T00:00:00,2020-06-20T00:00:00,,,True,Postponed,
,Tokyo 2020 Paralympic Games,Paralympic Games,52,Japan,Tokyo,asia,east asia,2021-08-24T00:00:00,2021-09-05T00:00:00,,2910,,30.0,2226,2020-08-25T00:00:00,2020-09-06T00:00:00,2021-08-24T00:00:00,2021-09-05T00:00:00,True,Postponed,
,Tokyo 2020 Paralympic Games  - Table Tennis Dates,Paralympic Games,52,Japan,Tokyo,asia,east asia,2021-08-25T00:00:00,2021-09-03T00:00:00,,21019,,31.0,2227,2020-08-26T00:00:00,2020-09-04T00:00:00,2021-08-25T00:00:00,2021-09-03T00:00:00,True,Postponed,
,ITTF World Team Qualification Tournament,World Team Qualification,57,Portugal,Gondomar,europe,southern europe,2020-01-22T00:00:00,2020-01-26T00:00:00,,5171,,,2237,,,,,,,
,ITTF Fa20 Chile Para Open 2020,Para Open,54,Chile,Santiago de Chile,americas,south america,2020-01-24T00:00:00,2020-01-26T00:00:00,,20129,,,2238,,,,,,,
,ITTF World Tour Platinum German Open,World Tour,12,Germany,Magdeburg,europe,western europe,2020-01-28T00:00:00,2020-02-02T00:00:00,,5139,,,2239,,,,,,,
,ITTF Fa20 Egypt Para Open 2020,Para Open,54,Egypt,Alexandria,africa,north africa,2020-02-01T00:00:00,2020-02-04T00:00:00,,20130,,,2240,,,,,,,
,ITTF Challenge Spanish Open,Challenge,10,Spain,Granada,europe,southern europe,2020-02-04T00:00:00,2020-02-08T00:00:00,,5158,,,2241,,,,,,,
,Central American Junior & Cadet Championships,Continental Games,71,Belize,Belize,americas,central america,2020-02-04T00:00:00,2020-02-08T00:00:00,,5255,,,2242,,,,,,,
,Universal ITTF Pan America Cup,Continental Games,71,Puerto Rico,Guaynabo City,americas,caribbean,2020-02-07T00:00:00,2020-02-09T00:00:00,,5172,,,2243,,,,,,,
,CCB 2020 ITTF Europe Top 16 Cup,Continental Games,71,Switzerland,Montreux,europe,western europe,2020-02-08T00:00:00,2020-02-09T00:00:00,,5173,,,2244,,,,,,,
,ITTF Challenge Plus Portugal Open,Challenge Plus,11,Portugal,Lisbon,europe,southern europe,2020-02-12T00:00:00,2020-02-16T00:00:00,,5159,,,2245,,,,,,,
,ITTF World Tour Hungarian Open,World Tour,12,Hungary,Budapest,europe,eastern europe,2020-02-18T00:00:00,2020-02-23T00:00:00,,5145,,,2247,,,,,,,
,ITTF World Junior Circuit Swedish Junior & Cadet Open,Junior & Cadet Championships,13,Sweden,Orebro,europe,northern europe,2020-02-19T00:00:00,2020-02-23T00:00:00,,5190,,,2248,,,,,,,
,ITTF Fa20 Polish Para Open,Para Open,54,Poland,Wladyslawowo,europe,eastern europe,2020-02-20T00:00:00,2020-02-22T00:00:00,,20131,,,2249,,,,,,,
,ITTF-Africa Top 16 Cup,Continental Games,71,Tunisia,Tunisia,africa,north africa,2020-02-24T00:00:00,2020-02-26T00:00:00,,5236,,,2250,,,,,,,
,Western Asia Olympic Qualification Tournament,Olympic Qualification,47,Jordan,Amman,asia,west asia,2020-02-23T00:00:00,2020-02-26T00:00:00,,5259,,,2251,,,,,,,
,African Singles and Mixed Doubles Olympic Qualification Tournament,Olympic Qualification,47,Tunisia,Tunisia,africa,north africa,2020-02-27T00:00:00,2020-02-29T00:00:00,,5237,,,2252,,,,,,,
,ITTF World Tour Platinum Qatar Open,World Tour,12,Qatar,Doha,asia,west asia,2020-03-03T00:00:00,2020-03-08T00:00:00,,5146,,,2253,,,,,,,
,European Under 21 Championships,Continental Games,71,Croatia,Varaždin,europe,southern europe,2020-03-04T00:00:00,2020-03-08T00:00:00,,5176,,,2254,,,,,,,
,ITTF World Junior Circuit Congo Junior & Cadet Open,Junior & Cadet Championships,13,Congo Democratic,Kinshasa,africa,central africa,2020-03-04T00:00:00,2020-03-08T00:00:00,,5191,,,2255,,,,,,,
,ITTF Fa40 Costa Brava Para Open,Para Open,54,Spain,Platja D'Aro,europe,southern europe,2020-03-05T00:00:00,2020-03-08T00:00:00,,20132,,,2257,,,,,,,
,North American Singles & Mixed Doubles Qualification Tournament,Qualification Tournament,23,Canada,Kitchener,americas,northern america,2020-03-07T00:00:00,2020-03-08T00:00:00,,20133,,,2258,,,,,,,
,ITTF World Junior Circuit Peru Junior & Cadet Open,Junior & Cadet Championships,13,Peru,Lima,americas,south america,2020-03-10T00:00:00,2020-03-14T00:00:00,,5195,,,2259,,,,,,,
,ITTF Challenge Plus Oman Open,Challenge Plus,11,Oman,Muscat,asia,west asia,2020-03-11T00:00:00,2020-03-15T00:00:00,,5160,,,2260,,,,,,,
,ITTF Challenge Polish Open,Challenge,10,Poland,Gliwice,europe,eastern europe,2020-03-11T00:00:00,2020-03-15T00:00:00,,5161,Suspended with effect 13 March 2020,4.0,2261,2020-03-11T00:00:00,2020-03-15T00:00:00,,,True,Suspended,
,Hungarian Youth Open 2020,Youth Open,56,Hungary,Szombathely,europe,eastern europe,2020-11-05T00:00:00,2020-11-08T00:00:00,,20134,,,2262,,,,,,,
,Dishang 2020 ITTF Women's World Cup,World Cup,29,China,Weihai,asia,east asia,2020-11-08T00:00:00,2020-11-10T00:00:00,,5186,,,2263,,,,,,,
,Dishang 2020 ITTF Men's World Cup,World Cup,29,China,Weihai,asia,east asia,2020-11-13T00:00:00,2020-11-15T00:00:00,,5185,,,2265,,,,,,,
,Bank of Communications 2020 ITTF Finals,ITTF Finals,63,China,Zhengzhou,asia,east asia,2020-11-19T00:00:00,2020-11-22T00:00:00,,5263,,,2266,,,,,,,
test156,"WTT Macao Presented By Galaxy Entertainment Group, Macao, China",WTT Exhibition,60,"Macao, China",,asia,east asia,2020-11-23T20:30:00,2020-11-27T20:30:00,,20136,,,2267,,,,,,,WTT Series
,European Youth Top 10,European Cups,59,Germany,Berlin ,europe,western europe,2020-10-09T00:00:00,2020-10-11T00:00:00,,5184,,,2278,,,,,,,
,2020 Asian Junior & Cadet Championships Qualification,Junior & Cadet Championships,13,China,Macao,asia,east asia,2020-04-21T00:00:00,2020-04-23T00:00:00,,,,97.0,2355,2020-04-21T00:00:00,2020-04-23T00:00:00,,,True,Postponed,
,ITTF Paralympic World Qualification Tournament,Qualification Tournament,23,Slovenia,Laško ,europe,southern europe,2020-05-09T00:00:00,2020-05-17T00:00:00,,,Postponed to 2021,100.0,2358,2020-05-09T00:00:00,2020-05-17T00:00:00,,,True,Postponed,
,First Commonwealth of Independent States Games,Special Games,25,Russia,Kazan ,europe,eastern europe,2020-10-01T00:00:00,2020-10-08T00:00:00,,,,125.0,2383,2020-10-01T00:00:00,2020-10-08T00:00:00,,,True,Postponed,
,ITTF-Africa 2021 WTTC Continental Qualification,Continental,36,Cameroon,Yaounde ,africa,central africa,2020-10-09T00:00:00,2020-10-11T00:00:00,,,Postponed to 2021,131.0,2389,2020-10-09T00:00:00,2020-10-11T00:00:00,,,True,Postponed,
